label,n_obs,start,end,mean,sd,min,median,max
CPI,147,1990-01-01,2026-07-01,212.73687981859413,54.151851408904704,128.03333333333333,212.76966666666667,333.472
CopperGlobal,139,1992-01-01,2026-07-01,5350.284981598317,3035.416359014862,1407.8091003832733,5803.295376121463,13542.82086956522
Exports,146,1990-01-01,2026-04-01,1725.7445890410959,856.1997708890516,538.232,1654.237,3794.645
FedFunds,147,1990-01-01,2026-07-01,2.8949433106575966,2.3229665123752143,0.06,2.99,8.25
Imports,146,1990-01-01,2026-04-01,2206.4636438356165,1091.945161748221,613.921,2307.983,4674.908
IndustrialProduction,147,1990-01-01,2026-07-01,90.5735485260771,12.884131605525324,60.71796666666667,95.64913333333332,104.0491
NatGasHH,120,1997-01-01,2026-10-01,4.084684294593475,2.0412011980945053,1.704603174603175,3.3790625,11.35984375
OilWTI,148,1990-01-01,2026-10-01,52.535400535190014,29.077557553644933,12.87,49.45664570230608,123.775
RealExports,146,1990-01-01,2026-04-01,1715.8745342465752,642.7513824894174,654.439,1741.784,2814.538
RealGDP,146,1990-01-01,2026-04-01,16487.87417808219,4043.9625584375467,9951.916,16572.288,24408.011
RealImports,146,1990-01-01,2026-04-01,2183.027794520548,902.8853378567753,686.926,2318.9375,4025.786
USDIndex,84,2006-01-01,2026-10-01,106.7149414314081,12.381469437223277,86.81096769230768,110.7671828125,127.64460163934426
Unemployment,147,1990-01-01,2026-07-01,5.645238095238095,1.7281920150236425,3.533333333333333,5.3,13
