target,date,point,lower_80,upper_80,lower_95,upper_95
NetExports,2026-07-01,-893.946166593954,-963.4162627554563,-824.4760704324517,-1000.1915102381774,-787.7008229497305
NetExports,2026-10-01,-893.8958004740196,-992.1413526449792,-795.6502483030599,-1044.1494063946705,-743.6421945533687
NetExports,2027-01-01,-835.5935199231715,-955.9192560815891,-715.2677837647539,-1019.6158531825816,-651.5711866637613
NetExports,2027-04-01,-909.7344222600776,-1048.674614583082,-770.794229937073,-1122.2251095485246,-697.2437349716306
NetExports,2027-07-01,-936.814685015146,-1084.973445738354,-788.6559242919379,-1163.4039560353679,-710.2254139949241
NetExports,2027-10-01,-938.4678658813266,-1095.304276562393,-781.6314552002601,-1178.3284572643936,-698.6072744982597
NetExports,2028-01-01,-960.0434518921211,-1125.1019295647432,-794.9849742194991,-1212.4786096174143,-707.6082941668279
NetExports,2028-04-01,-935.1578338477188,-1108.047805760166,-762.2678619352718,-1199.5702284379736,-670.745439257464
RealGDP,2026-07-01,24498.754379548256,24234.109591753317,24763.399167343196,24094.015103564532,24903.49365553198
RealGDP,2026-10-01,24597.857516610726,24258.644426575473,24937.07060664598,24079.07586362971,25116.63916959174
RealGDP,2027-01-01,24696.960653673195,24296.842949496662,25097.07835784973,24085.033431353742,25308.88787599265
RealGDP,2027-04-01,24796.063790735665,24343.158906748162,25248.968674723168,24103.405543573695,25488.722037897634
RealGDP,2027-07-01,24895.16692779814,24395.015460056646,25395.31839553963,24130.25126623317,25660.082589363108
RealGDP,2027-10-01,24994.27006486061,24450.965226461205,25537.574903260018,24163.357018114282,25825.18311160694
RealGDP,2028-01-01,25093.37320192308,24510.098991819086,25676.647412027076,24201.332276180798,25985.414127665365
RealGDP,2028-04-01,25192.47633898555,24571.80133472271,25813.15134324839,24243.23583461111,26141.71684335999
OilWTI,2026-10-01,79.55984285429142,68.50693636961743,90.6127493389654,62.6558811122258,96.46380459635704
OilWTI,2027-01-01,78.96842753791402,61.41891032734824,96.5179447484798,52.12875709191222,105.80809798391583
OilWTI,2027-04-01,78.60218287896537,57.87921681260926,99.32514894532147,46.90914122937431,110.29522452855642
OilWTI,2027-07-01,78.37537923270534,55.618524963015886,101.1322335023948,43.57177400199126,113.17898446341943
OilWTI,2027-10-01,78.23492696207154,53.97634265342887,102.49351127071421,41.13462383016966,115.33523009397342
OilWTI,2028-01-01,78.14794934662538,52.67152937798288,103.62436931526788,39.185127298698525,117.11077139455224
OilWTI,2028-04-01,78.09408688107348,51.56508545443633,104.62308830771063,37.52148040938254,118.66669335276441
OilWTI,2028-07-01,78.06073157257889,50.5822689216391,105.53919422351868,36.03604946508654,120.08541368007124
