target,model,term,estimate,std_error,z,p_value
NetExports,"ARIMA(0,1,0)(2,0,0)[4] with drift",sar1,-0.25945808371391355,0.08217592952747209,-3.1573489366758496,0.0015921070495437649
NetExports,"ARIMA(0,1,0)(2,0,0)[4] with drift",sar2,-0.23888295760852427,0.10534181656984372,-2.2676935464668024,0.02334789147555232
NetExports,"ARIMA(0,1,0)(2,0,0)[4] with drift",drift,-5.712237624406299,3.014980327094312,-1.8946185396544426,0.05814295680346395
NetExports,"ARIMA(0,1,0)(2,0,0)[4] with drift",aic,1575.0293892716697,NA,NA,NA
NetExports,"ARIMA(0,1,0)(2,0,0)[4] with drift",bic,1586.936324241352,NA,NA,NA
NetExports,"ARIMA(0,1,0)(2,0,0)[4] with drift",sigma_sq,2938.4860213181896,NA,NA,NA
NetExports,"ARIMA(0,1,0)(2,0,0)[4] with drift",log_likelihood,-783.5146946358349,NA,NA,NA
NetExports,"ARIMA(0,1,0)(2,0,0)[4] with drift",n_obs,145,NA,NA,NA
RealGDP,"ARIMA(0,1,1) with drift",ma1,-0.19817212359251565,0.08599297145370212,-2.3045153602955777,0.021193731110278193
RealGDP,"ARIMA(0,1,1) with drift",drift,99.10313706247113,13.678835944671452,7.2449978538617135,4.324460532661216e-13
RealGDP,"ARIMA(0,1,1) with drift",aic,1961.3078938749445,NA,NA,NA
RealGDP,"ARIMA(0,1,1) with drift",bic,1970.2380951022062,NA,NA,NA
RealGDP,"ARIMA(0,1,1) with drift",sigma_sq,42643.664599853306,NA,NA,NA
RealGDP,"ARIMA(0,1,1) with drift",log_likelihood,-977.6539469374723,NA,NA,NA
RealGDP,"ARIMA(0,1,1) with drift",n_obs,145,NA,NA,NA
OilWTI,"ARIMA(1,1,2)",ar1,0.6192681332502936,0.16003156322961093,3.8696624637839525,1.0898613599678308e-4
OilWTI,"ARIMA(1,1,2)",ma1,-0.38596923184836307,0.15771530362156386,-2.4472528853286932,0.014394979909701114
OilWTI,"ARIMA(1,1,2)",ma2,-0.380687571343733,0.07763665223181118,-4.903451661040949,9.416712379705888e-7
OilWTI,"ARIMA(1,1,2)",aic,1048.7645974815746,NA,NA,NA
OilWTI,"ARIMA(1,1,2)",bic,1060.699023968408,NA,NA,NA
OilWTI,"ARIMA(1,1,2)",sigma_sq,74.3842211812611,NA,NA,NA
OilWTI,"ARIMA(1,1,2)",log_likelihood,-520.3822987407873,NA,NA,NA
OilWTI,"ARIMA(1,1,2)",n_obs,146,NA,NA,NA
