target,cumulative_passthrough,n_obs,term,estimate,std.error,statistic,p.value,conf.low,conf.high,is_fx
ImportDeflator,-0.6848350830671198,77,(Intercept),-0.008813430566038566,0.0018217081649499272,-4.838003548324008,7.535745646192717e-6,-0.012446712937031286,-0.005180148195045845,FALSE
ImportDeflator,-0.6848350830671198,77,dlog_fx,-0.2831667855154768,0.05355101493342973,-5.28779493474562,1.3418262221575414e-6,-0.38997091707172205,-0.17636265395923156,TRUE
ImportDeflator,-0.6848350830671198,77,dlog_fx_lag1,-0.2657821611866752,0.05221829937751552,-5.0898279789846494,2.8893936105625384e-6,-0.3699282753787704,-0.16163604699458,TRUE
ImportDeflator,-0.6848350830671198,77,dlog_fx_lag2,-0.06413721706856028,0.05302077311099364,-1.209662049519638,0.23047806715255234,-0.1698838146559258,0.04160938051880525,TRUE
ImportDeflator,-0.6848350830671198,77,dlog_fx_lag3,-0.06635053732640647,0.05214699920224691,-1.2723749849741604,0.207450270601103,-0.17035444780287018,0.03765337315005722,TRUE
ImportDeflator,-0.6848350830671198,77,dlog_fx_lag4,-0.0053983819700010715,0.04894281413167365,-0.11029978692025137,0.9124872504155678,-0.10301174682873027,0.09221498288872812,TRUE
ImportDeflator,-0.6848350830671198,77,dlog_cpi,2.0781825941379495,0.20132709126312853,10.322419010275306,1.0506952182159163e-15,1.6766483717178213,2.4797168165580774,FALSE
ExportDeflator,-0.48290458509104583,77,(Intercept),-0.0054449452701705635,0.001780056803322852,-3.0588604026604225,0.0031471680083587426,-0.008995156619778443,-0.0018947339205626838,FALSE
ExportDeflator,-0.48290458509104583,77,dlog_fx,-0.14914417309026598,0.05232662963868056,-2.850253764099046,0.005734499880254959,-0.2535063451755566,-0.04478200100497538,TRUE
ExportDeflator,-0.48290458509104583,77,dlog_fx_lag1,-0.13489251834035304,0.05102438516404788,-2.6436872861213665,0.010113747401076583,-0.23665744571683725,-0.03312759096386883,TRUE
ExportDeflator,-0.48290458509104583,77,dlog_fx_lag2,-0.07286458514681679,0.05180851121466854,-1.4064211350313158,0.16402307223353982,-0.17619340261896543,0.030464232325331853,TRUE
ExportDeflator,-0.48290458509104583,77,dlog_fx_lag3,-0.04938372803029438,0.050954715189182015,-0.969168954177156,0.33579773865027096,-0.15100970302332994,0.052242246962741185,TRUE
ExportDeflator,-0.48290458509104583,77,dlog_fx_lag4,-0.07661958048331556,0.04782379030026808,-1.602122709267694,0.11363188097637293,-0.1720011226837331,0.018761961717101983,TRUE
ExportDeflator,-0.48290458509104583,77,dlog_cpi,1.8092039928818668,0.1967239678623185,9.196662778518565,1.1537907641172415e-13,1.4168504106023767,2.201557575161357,FALSE
